{
    "best_model": "XGBoost",
    "training_date": "2025-11-19 20:37:44",
    "n_features": 53,
    "train_samples": 90180,
    "test_samples": 22545,
    "models_trained": [
        "Logistic_Regression",
        "Random_Forest",
        "XGBoost",
        "LightGBM"
    ],
    "results": {
        "Logistic_Regression": {
            "accuracy": 0.7948990907074739,
            "precision": 0.6988981335731954,
            "recall": 0.7615780445969125,
            "f1_score": 0.7288930581613509,
            "roc_auc": 0.8786502170646713
        },
        "Random_Forest": {
            "accuracy": 0.8639166112220005,
            "precision": 0.8223234624145785,
            "recall": 0.7961283999019848,
            "f1_score": 0.8090139442231076,
            "roc_auc": 0.9340403686231242
        },
        "XGBoost": {
            "accuracy": 0.8677312042581503,
            "precision": 0.821899080288342,
            "recall": 0.8102180838029894,
            "f1_score": 0.8160167818361304,
            "roc_auc": 0.9420859214614684
        },
        "LightGBM": {
            "accuracy": 0.86569084054114,
            "precision": 0.8168353492964701,
            "recall": 0.8108306787552071,
            "f1_score": 0.8138219380226267,
            "roc_auc": 0.9405253482787364
        }
    }
}